{"comp_valid": 0.6842666666666667, "struct_valid": 0.8821333333333333, "valid": 0.6316, "wdist_density": 0.5330406514495933, "wdist_num_elems": 1.1217924528301888, "cov_recall": 0.9811320754716981, "cov_precision": 0.4182666666666667, "amsd_recall": 0.14511613774249005, "amsd_precision": 0.3860817206152989, "amcd_recall": 2.813100386484018, "amcd_precision": 7.246906909098732, "wdist_nary": 1.9302591194968555}