lr-AdamW,step,train/loss,train/loss_a,train/loss_f,train/loss_l,train/loss_ce,train/unscaled/loss_a,train/unscaled/loss_f,train/unscaled/loss_l,train/unscaled/loss_ce,epoch
0.0003,49,,,,,,,,,,
,49,0.2343350499868393,0.14655517041683197,0.058987781405448914,0.02879209816455841,0.0,1.615770697593689,0.06503403186798096,12.697315216064453,0.0,0
0.0003,99,,,,,,,,,,
,99,0.2276402711868286,0.15500159561634064,0.05537591502070427,0.017262756824493408,0.0,1.708892583847046,0.061051949858665466,7.612875938415527,0.0,0
